Workbook

Sheet Hospital_Bed_Capacity_ExcelAnal
A1: Department | B1: Total_Beds | C1: Free_Beds | D1: Total_ICU_Beds | E1: Free_ICU_Beds | F1: Total_Amount_of_Beds | G1: Staff_On_Duty | H1: Occupied_Beds | I1: Occupied_ICU_Beds
A2: Emergency Department (ED) | B2: 175 | C2: 99 | D2: 45 | E2: 16 | F2: 220 | G2: 100 | H2: 76 | I2: 29
A3: Trauma Center | B3: 140 | C3: 30 | D3: 60 | E3: 24 | F3: 200 | G3: 90 | H3: 110 | I3: 36
A4: General Surgery | B4: 175 | C4: 79 | D4: 45 | E4: 20 | F4: 220 | G4: 100 | H4: 96 | I4: 25
A5: Cardiac Surgery | B5: 160 | C5: 61 | D5: 60 | E5: 23 | F5: 220 | G5: 100 | H5: 99 | I5: 37
A6: Neurosurgery | B6: 168 | C6: 71 | D6: 52 | E6: 22 | F6: 220 | G6: 100 | H6: 97 | I6: 30
A7: Orthopedic Surgery | B7: 190 | C7: 66 | D7: 30 | E7: 10 | F7: 220 | G7: 100 | H7: 124 | I7: 20
A8: Internal Medicine | B8: 255 | C8: 60 | D8: 45 | E8: 18 | F8: 300 | G8: 135 | H8: 195 | I8: 27
A9: Cardiology | B9: 200 | C9: 120 | D9: 60 | E9: 27 | F9: 260 | G9: 115 | H9: 80 | I9: 33
A10: Neurology | B10: 195 | C10: 74 | D10: 45 | E10: 17 | F10: 240 | G10: 110 | H10: 121 | I10: 28
A11: Gastroenterology | B11: 198 | C11: 83 | D11: 22 | E11: 9 | F11: 220 | G11: 100 | H11: 115 | I11: 13
A12: Pulmonology | B12: 202 | C12: 71 | D12: 38 | E12: 13 | F12: 240 | G12: 110 | H12: 131 | I12: 25
A13: Infectious Diseases | B13: 175 | C13: 70 | D13: 45 | E13: 18 | F13: 220 | G13: 100 | H13: 105 | I13: 27
... A26: Palliative Care | B26: 185 | C26: 78 | D26: 15 | E26: 6 | F26: 200 | G26: 90 | H26: 107 | I26: 9
A30: Metrics
A32: Department | B32: Total Occupancy Rate | C32: Total ICU Occupancy Rate | D32: Total Non-ICU Occupancy Rate | F32: Total Occupancy Helper | G32: Total ICU Occupancy Helper | H32: Total Non-ICU Occupancy Helper
A33: Emergency Department (ED) | B33: =((B2-C2)+(D2-E2))/F2 -> 0.47727273 | C33: =(D2-E2)/D2 -> 0.64444444 | D33: =(B2-C2)/F2 -> 0.34545455 | F33: =IF(Sheet1!$R$4,Hospital_Bed_Capacity_ExcelAnal!B33,NA()) -> 0.47727273 | G33: =IF(Sheet1!$R$5,Hospital_Bed_Capacity_ExcelAnal!C33,NA()) -> 0.64444444 | H33: =IF(Sheet1!$R$6,Hospital_Bed_Capacity_ExcelAnal!D33,NA()) -> 0.34545455
A34: Trauma Center | B34: =((B3-C3)+(D3-E3))/F3 -> 0.73 | C34: =(D3-E3)/D3 -> 0.6 | D34: =(B3-C3)/F3 -> 0.55 | F34: =IF(Sheet1!$R$4,Hospital_Bed_Capacity_ExcelAnal!B34,NA()) -> 0.73 | G34: =IF(Sheet1!$R$5,Hospital_Bed_Capacity_ExcelAnal!C34,NA()) -> 0.6 | H34: =IF(Sheet1!$R$6,Hospital_Bed_Capacity_ExcelAnal!D34,NA()) -> 0.55
A35: General Surgery | B35: =((B4-C4)+(D4-E4))/F4 -> 0.55 | C35: =(D4-E4)/D4 -> 0.55555556 | D35: =(B4-C4)/F4 -> 0.43636364 | F35: =IF(Sheet1!$R$4,Hospital_Bed_Capacity_ExcelAnal!B35,NA()) -> 0.55 | G35: =IF(Sheet1!$R$5,Hospital_Bed_Capacity_ExcelAnal!C35,NA()) -> 0.55555556 | H35: =IF(Sheet1!$R$6,Hospital_Bed_Capacity_ExcelAnal!D35,NA()) -> 0.43636364
A36: Cardiac Surgery | B36: =((B5-C5)+(D5-E5))/F5 -> 0.61818182 | C36: =(D5-E5)/D5 -> 0.61666667 | D36: =(B5-C5)/F5 -> 0.45 | F36: =IF(Sheet1!$R$4,Hospital_Bed_Capacity_ExcelAnal!B36,NA()) -> 0.61818182 | G36: =IF(Sheet1!$R$5,Hospital_Bed_Capacity_ExcelAnal!C36,NA()) -> 0.61666667 | H36: =IF(Sheet1!$R$6,Hospital_Bed_Capacity_ExcelAnal!D36,NA()) -> 0.45
A37: Neurosurgery | B37: =((B6-C6)+(D6-E6))/F6 -> 0.57727273 | C37: =(D6-E6)/D6 -> 0.57692308 | D37: =(B6-C6)/F6 -> 0.44090909 | F37: =IF(Sheet1!$R$4,Hospital_Bed_Capacity_ExcelAnal!B37,NA()) -> 0.57727273 | G37: =IF(Sheet1!$R$5,Hospital_Bed_Capacity_ExcelAnal!C37,NA()) -> 0.57692308 | H37: =IF(Sheet1!$R$6,Hospital_Bed_Capacity_ExcelAnal!D37,NA()) -> 0.44090909
A38: Orthopedic Surgery | B38: =((B7-C7)+(D7-E7))/F7 -> 0.65454545 | C38: =(D7-E7)/D7 -> 0.66666667 | D38: =(B7-C7)/F7 -> 0.56363636 | F38: =IF(Sheet1!$R$4,Hospital_Bed_Capacity_ExcelAnal!B38,NA()) -> 0.65454545 | G38: =IF(Sheet1!$R$5,Hospital_Bed_Capacity_ExcelAnal!C38,NA()) -> 0.66666667 | H38: =IF(Sheet1!$R$6,Hospital_Bed_Capacity_ExcelAnal!D38,NA()) -> 0.56363636
A39: Internal Medicine | B39: =((B8-C8)+(D8-E8))/F8 -> 0.74 | C39: =(D8-E8)/D8 -> 0.6 | D39: =(B8-C8)/F8 -> 0.65 | F39: =IF(Sheet1!$R$4,Hospital_Bed_Capacity_ExcelAnal!B39,NA()) -> 0.74 | G39: =IF(Sheet1!$R$5,Hospital_Bed_Capacity_ExcelAnal!C39,NA()) -> 0.6 | H39: =IF(Sheet1!$R$6,Hospital_Bed_Capacity_ExcelAnal!D39,NA()) -> 0.65
A40: Cardiology | B40: =((B9-C9)+(D9-E9))/F9 -> 0.43461538 | C40: =(D9-E9)/D9 -> 0.55 | D40: =(B9-C9)/F9 -> 0.30769231 | F40: =IF(Sheet1!$R$4,Hospital_Bed_Capacity_ExcelAnal!B40,NA()) -> 0.43461538 | G40: =IF(Sheet1!$R$5,Hospital_Bed_Capacity_ExcelAnal!C40,NA()) -> 0.55 | H40: =IF(Sheet1!$R$6,Hospital_Bed_Capacity_ExcelAnal!D40,NA()) -> 0.30769231
A41: Neurology | B41: =((B10-C10)+(D10-E10))/F10 -> 0.62083333 | C41: =(D10-E10)/D10 -> 0.62222222 | D41: =(B10-C10)/F10 -> 0.50416667 | F41: =IF(Sheet1!$R$4,Hospital_Bed_Capacity_ExcelAnal!B41,NA()) -> 0.62083333 | G41: =IF(Sheet1!$R$5,Hospital_Bed_Capacity_ExcelAnal!C41,NA()) -> 0.62222222 | H41: =IF(Sheet1!$R$6,Hospital_Bed_Capacity_ExcelAnal!D41,NA()) -> 0.50416667
A42: Gastroenterology | B42: =((B11-C11)+(D11-E11))/F11 -> 0.58181818 | C42: =(D11-E11)/D11 -> 0.59090909 | D42: =(B11-C11)/F11 -> 0.52272727 | F42: =IF(Sheet1!$R$4,Hospital_Bed_Capacity_ExcelAnal!B42,NA()) -> 0.58181818 | G42: =IF(Sheet1!$R$5,Hospital_Bed_Capacity_ExcelAnal!C42,NA()) -> 0.59090909 | H42: =IF(Sheet1!$R$6,Hospital_Bed_Capacity_ExcelAnal!D42,NA()) -> 0.52272727
A43: Pulmonology | B43: =((B12-C12)+(D12-E12))/F12 -> 0.65 | C43: =(D12-E12)/D12 -> 0.65789474 | D43: =(B12-C12)/F12 -> 0.54583333 | F43: =IF(Sheet1!$R$4,Hospital_Bed_Capacity_ExcelAnal!B43,NA()) -> 0.65 | G43: =IF(Sheet1!$R$5,Hospital_Bed_Capacity_ExcelAnal!C43,NA()) -> 0.65789474 | H43: =IF(Sheet1!$R$6,Hospital_Bed_Capacity_ExcelAnal!D43,NA()) -> 0.54583333
A44: Infectious Diseases | B44: =((B13-C13)+(D13-E13))/F13 -> 0.6 | C44: =(D13-E13)/D13 -> 0.6 | D44: =(B13-C13)/F13 -> 0.47727273 | F44: =IF(Sheet1!$R$4,Hospital_Bed_Capacity_ExcelAnal!B44,NA()) -> 0.6 | G44: =IF(Sheet1!$R$5,Hospital_Bed_Capacity_ExcelAnal!C44,NA()) -> 0.6 | H44: =IF(Sheet1!$R$6,Hospital_Bed_Capacity_ExcelAnal!D44,NA()) -> 0.47727273
... A57: Palliative Care | B57: =((B26-C26)+(D26-E26))/F26 -> 0.58 | C57: =(D26-E26)/D26 -> 0.6 | D57: =(B26-C26)/F26 -> 0.535 | F57: =IF(Sheet1!$R$4,Hospital_Bed_Capacity_ExcelAnal!B57,NA()) -> 0.58 | G57: =IF(Sheet1!$R$5,Hospital_Bed_Capacity_ExcelAnal!C57,NA()) -> 0.6 | H57: =IF(Sheet1!$R$6,Hospital_Bed_Capacity_ExcelAnal!D57,NA()) -> 0.535

Sheet Sheet1
E1: Bed Occupancy in Tertiary Hospital by Department
Q4: Total Occupancy % | R4: TRUE
Q5: Total ICU Occupancy % | R5: TRUE
Q6: Total Non-ICU Occupancy % | R6: TRUE
A12: Occupancy Metrics
